SCHOOL_KEY,FACILITY_KEY,SCHOOL_CODE,SCHOOL_DISTRICT_CODE,STATE_DISTRICT_CODE,SCHOOL_DISTRICT,SCHOOL_NAME,SCHOOL_LONG_NAME,ACTIVE_DIRECTORY_SCHOOL_NAME,GOVERNANCE,NETWORK,SCHOOL_STATUS,OPEN_FOR_ENROLLMENT_DATE,CLOSED_FOR_ENROLLMENT_DATE,SCHOOL_SUBTYPE,SCHOOL_GRADES_GROUP,SCHOOL_CURRENT_GRADES,SCHOOL_PLANNED_GRADES,NETWORK_CHIEF,SCHOOL_PRINCIPAL,SCHOOL_STATE_ID,FINANCE_ACCOUNT_ID,FINANCE_ACCOUNT_NAME,SCHOOL_STATE_NAME,SCHOOL_URL,SCHOOL_COMMENTS,POPULATION_FOCUS,EAST_WEST_COORDINATES,EAST_WEST_DIRECTION,NORTH_SOUTH_COORDINATES,NORTH_SOUTH_DIRECTION,LONGITUDE,LATITUDE,SECONDARY_ADDRESS,SECONDARY_ADDRESS_IDENTIFIER,STREET_NUMBER,ADDRESS_DIRECTION_PRE,STREET_NAME,STREET_TYPE,ADDRESS_DIRECTION_POST,CITY,STATE,POSTAL_CODE,ROLLUP_INDICATOR,THERAPEUTIC_INDICATOR,GRADE_CATEGORY_SECONDARY,SCHOOL_FEDERAL_ID,PRINCIPAL_STAFF_ID,PRINCIPAL_NAME,PRINCIPAL_EMAIL,PRIMARY_PHONE_NUMBER,PRIMARY_FAX_NUMBER,SECONDARY_PHONE_NUMBER,SECONDARY_FAX_NUMBER,OFFICIAL_ADDRESS,DELIVERY_ADDRESS,CITY_WARD_NUMBER,CITY_WARD_NAME,MAIL_RUN,SCHOOL_HOURS,SCHOOL_POPULATION_FOCUS,LEGACY_UNIT_NUMBER,GEO_NETWORK,CATEGORY_BID,SAFE_PASSAGE_INDICATOR,SELECTIVE_ENROLLMENT_TYPE,SCHOOL_OPERATION_TYPE,ES_NETWORK,COMMUNITY,ANNUAL_REGIONAL_ANALYSIS_REGION,ERSB_DISTRICT,ATTENDANCE_BOUNDARY,ERSB_REPRESENTATIVE_IDENTIFIER,ERSB_REPRESENTATIVE_NAME,ERSB_REPRESENTATIVE_PHONE_NUMBER,ERSB_REPRESENTATIVE_FAX,OFFICIAL_ADDRESS_EAST_WEST_COORDINATES,OFFICIAL_ADDRESS_EAST_WEST_DIRECTION,OFFICIAL_ADDRESS_NORTH_SOUTH_COORDINATES,OFFICIAL_ADDRESS_NORTH_SOUTH_DIRECTION,OFFICIAL_ADDRESS_LATITUDE,OFFICIAL_ADDRESS_LONGITUDE,DELIVERY_ADDRESS_EAST_WEST_COORDINATES,DELIVERY_ADDRESS_EAST_WEST_DIRECTION,DELIVERY_ADDRESS_NORTH_SOUTH_COORDINATES,DELIVERY_ADDRESS_NORTH_SOUTH_DIRECTION,DELIVERY_ADDRESS_LATITUDE,DELIVERY_ADDRESS_LONGITUDE,COMMUNITY_BASED_ORGANIZATION_INDICATOR,TERMINATING_GRADE_LEVEL,SYS_DELETE_STATUS,CREATED_TS,LAST_UPDATED_TS
553,1205,400009,299,15-016-2990-25,Chicago Public Schools District 299,GLOBAL CITIZENSHIP,Academy for Global Citizenship Charter School,GLOBAL_CITIZENSHIP,Charter,Charter,Open,2008-07-01,,General Curriculum,Elementary,"K,1,2,3,4,5,6,7,8","K,1,2,3,4,5,6,7,8",,Ms. Berenice Salas,15016299025229C,63011,,Academy for Global Citizenship,https://agcchicago.org,,,4942,W,4400,S,-87.74752,41.81315,,,4942,W,44TH,ST,,Chicago,IL,60638-1959,N,N,,170993006035,C100002076,Ms. Berenice Salas,bsalas@agcchicago.org,773-582-1100,773-582-1101,,,4942 W 44TH ST  Chicago IL 60638-1959 4942 W 4400 S 41.81315 -87.74752,4942 W 44TH ST  Chicago IL 60638-1959 4942 W 4400 S 41.8131529008685 -87.7475238015804,22,22nd Ward,44,7:45 AM - 3:55 PM,,2025,Network 8,150162990BHBH00,,,Day,Network 8,GARFIELD RIDGE,Greater Midway,District 7a,Citywide,Emma Lozano,Emma Lozano,,,4942,W,4400,S,41.81315,-87.74752,4942,W,4400,S,41.8131529008685,-87.7475238015804,S.CommunitityBasedOrganizationIndicator,08,false,2026-04-29 18:28:34.450659,2026-05-01 04:17:28.514281
555,573,400011,299,15-016-2990-25,Chicago Public Schools District 299,LOCKE A,Alain Locke Charter School,LOCKE_A,Charter,Charter,Open,2004-09-01,,General Curriculum,Elementary,"K,1,2,3,4,5,6,7,8","K,1,2,3,4,5,6,7,8",,Mr. Patrick Love,15016299025206C,66151,Alain Locke Charter School,Locke A Elem Charter Academy,https://www.alainlocke.org,,,3141,W,300,S,-87.7053,41.8773,,,3141,W,Jackson,BLVD,,Chicago,IL,60612,N,N,,170993003564,C100000114,Mr. Patrick Love,plove@alainlocke.org,773-265-7232,773-265-7258,,,3141 W Jackson BLVD  Chicago IL 60612 3141 W 300 S 41.8773 -87.7053,3141 W JACKSON BLVD  Chicago IL 60612 3141 W 300 S 41.8773 -87.7052,28,28th Ward,38,8:15 AM - 3:45 PM,,4730,Network 5,150162990ACAC00,,,Day,Network 5,EAST GARFIELD PARK,West Side,District 5b,Citywide,Michilla Blaise,Michilla Blaise,,,3141,W,300,S,41.8773,-87.7053,3141,W,300,S,41.8773,-87.7052,S.CommunitityBasedOrganizationIndicator,08,false,2026-04-29 18:28:34.450659,2026-05-01 04:17:28.514281
559,594,400017,299,15-016-2990-25,Chicago Public Schools District 299,ASPIRA - HAUGAN,ASPIRA Charter School - Haugan Middle School,ASPIRA_-_HAUGAN,Charter,Charter,Closed,2004-09-01,2025-06-30,Small,Elementary,"6,7,8","6,7,8",,Mr. Leon Hart,15016299025110C,66351,ASPIRA Charter-Haugan Middle School Campus,ASPIRA Charter Schools,https://haugan.aspirail.org,,,3729,W,4700,N,-87.7218,41.96646,,,3729,W,Leland,AVE,,Chicago,IL,60625,N,N,Middle,170993006516,C200023532,Mr. Leon Hart,"lhart@aspirail.org
",773-303-3549,773-267-3568,,,3729 W Leland AVE  Chicago IL 60625 3729 W 4700 N 41.96646 -87.7218,3729 W LELAND AVE  Chicago IL 60625 3729 W 4700 N 41.9664 -87.7218,33,33rd Ward,31,8:00 AM - 4:00 PM,,3500,Network 1,150162990APAP01,,,Day,Network 1,ALBANY PARK,Northwest Side,District 3a,Attendance-Area,Norma Rios-Sierra,Norma Rios-Sierra,,,3729,W,4700,N,41.96646,-87.7218,3729,W,4700,N,41.9664,-87.7218,S.CommunitityBasedOrganizationIndicator,08,false,2026-04-29 18:28:34.450659,2026-05-01 04:17:28.514281
563,1039,400021,299,15-016-2990-25,Chicago Public Schools District 299,CATALYST - CIRCLE ROCK,Catalyst Elementary Charter School - Circle Rock,CATALYST_-_CIRCLE_ROCK,Charter,Charter,Open,2007-07-01,,General Curriculum,Elementary,"K,1,2,3,4,5,6,7,8","K,1,2,3,4,5,6,7,8",,Ms. Elizabeth Jamison-Dunn,15016299025228C,66432,Catalyst Elementary School - Circle Rock,Catalyst Charter-Circle Rock ES,https://catalystschools.org/circle-rock,,,5608,W,100,N,-87.7654,41.88227,,,5608,W,Washington,BLVD,,Chicago,IL,60644,N,N,,170993005935,C100000271,Ms. Elizabeth Jamison-Dunn,edunn@catalystschools.org,773-945-5025,312-626-2345,,,5608 W Washington BLVD  Chicago IL 60644 5608 W 100 N 41.88227 -87.7654,5608 W WASHINGTON BLVD  Chicago IL 60644 5608 W 100 N 41.8823 -87.7653,29,29th Ward,36,8:00 am-3:30 pm,,4371,Network 3,150162990BLBL00,,,Day,Network 3,AUSTIN,West Side,District 5a,Citywide,Jitu Brown,Jitu Brown,,,5608,W,100,N,41.88227,-87.7654,5608,W,100,N,41.8823,-87.7653,S.CommunitityBasedOrganizationIndicator,08,false,2026-04-29 18:28:34.450659,2026-05-01 04:17:28.514281
568,828,400026,299,15-016-2990-25,Chicago Public Schools District 299,CICS - LOOMIS,CICS - Loomis Primary,CICS_-_LOOMIS,Charter,Charter,Open,2008-07-01,,General Curriculum,Elementary,"K,1,2","K,1,2",,Ms. JoeAnn Nash,15016299025255C,66075,Chicago Int't Charter - Loomis Primary,CICS - Loomis Primary Campus,https://www.cicsloomis.org,,,1400,W,9535,S,-87.6576,41.72025,,,9535,S,Loomis,ST,,Chicago,IL,60643,N,N,,170993006487,C200006307,Ms. JoeAnn Nash,Jonash@distinctiveschools.org,773-429-8955,773-429-8441,,,9535 S Loomis ST  Chicago IL 60643 1400 W 9535 S 41.72025 -87.6576,9535 S LOOMIS ST  Chicago IL 60643 1400 W 9535 S 41.7202 -87.6576,21,21st Ward,49,7:50 AM - 3:45 PM,,4914,Network 11,150162990AEAE12,,,Day,Network 11,WASHINGTON HEIGHTS,South Side,District 9b,Citywide,Therese Boyle,Therese Boyle,,,1400,W,9535,S,41.72025,-87.6576,1400,W,9535,S,41.7202,-87.6576,S.CommunitityBasedOrganizationIndicator,02,false,2026-04-29 18:28:34.450659,2026-05-01 04:17:28.514281
570,572,400028,299,15-016-2990-25,Chicago Public Schools District 299,CICS - PRAIRIE,CICS - Prairie,CICS_-_PRAIRIE,Charter,Charter,Open,2004-09-01,,Small,Elementary,"K,1,2,3,4,5,6,7,8","K,1,2,3,4,5,6,7,8",,Ms. Rachel Beucher,15016299025248C,66161,Chicago International Charter School (CICS)- Prairie Campus,CICS - Prairie Campus,https://www.cicsprairie.org,,,300,E,11530,S,-87.6168,41.68445,,,11530,S,Prairie,AVE,,Chicago,IL,60628,N,N,,170993006498,C100009761,Ms. Rachel Beucher,rbeucher@distinctiveschools.org,773-928-0480,773-928-6971,,,11530 S Prairie AVE  Chicago IL 60628 300 E 11530 S 41.68445 -87.6168,11530 S PRAIRIE AVE  Chicago IL 60628 300 E 11530 S 41.6844 -87.6169,9,9th Ward,48,8:30 AM - 3:30 PM,,4220,Network 13,150162990AEAE03,,,Day,Network 13,WEST PULLMAN,Greater Calumet,District 9b,Citywide,Therese Boyle,Therese Boyle,,,300,E,11530,S,41.68445,-87.6168,300,E,11530,S,41.6844,-87.6169,S.CommunitityBasedOrganizationIndicator,08,false,2026-04-29 18:28:34.450659,2026-05-01 04:17:28.514281
571,569,400029,299,15-016-2990-25,Chicago Public Schools District 299,CICS - WASHINGTON PARK,CICS - Washington Park,CICS_-_WASHINGTON_PARK,Charter,Charter,Open,2004-09-01,,Small,Elementary,"K,1,2,3,4,5,6,7,8","K,1,2,3,4,5,6,7,8",,James Johnstone,15016299025249C,66181,Chicago International Charter School (CICS)- Washington Park Campus,CICS - Washington Pk Campus,https://regenerationschools.org/cics-washington-park,,,100,E,6105,S,-87.6217,41.78381,,,110,E,61st,ST,,Chicago,IL,60637,N,N,,170993006512,C100010967,James Johnstone,jjohnstone@cicswashingtonpark.org,773-347-0200,773-324-3302,,,110 E 61st ST  Chicago IL 60637 100 E 6105 S 41.78381 -87.6217,6105 S MICHIGAN AVE  Chicago IL 60637 100 E 6105 S 41.7836 -87.6221,20,20th Ward,45,7:45 AM-3:30 PM,,2290,Network 9,150162990AEAE04,,,Day,Network 9,WASHINGTON PARK,Bronzeville / South Lakefront,District 6b,Citywide,Jessica Biggs,Jessica Biggs,,,100,E,6105,S,41.78381,-87.6217,100,E,6105,S,41.7836,-87.6221,S.CommunitityBasedOrganizationIndicator,08,false,2026-04-29 18:28:34.450659,2026-05-01 04:17:28.514281
575,570,400033,299,15-016-2990-25,Chicago Public Schools District 299,CICS - LONGWOOD,CICS - Longwood,CICS_-_LONGWOOD,Charter,Charter,Open,2004-09-01,,Small,High,"3,4,5,6,7,8,9,10,11,12","3,4,5,6,7,8,9,10,11,12",,Ms. Jeralyn Harris,15016299025247C,66061,Chicago International Charter School (CICS)- Longwood Campus,CICS - Longwood Campus,https://dschi.org,,,1309,W,9500,S,-87.6558,41.72128,,,1309,W,95th,ST,,Chicago,IL,60643,N,N,,170993006438,C200011532,Ms. Jeralyn Harris,jharris@distinctiveschools.org,773-238-5330,773-238-5350,,,1309 W 95th ST  Chicago IL 60643 1309 W 9500 S 41.72128 -87.6558,1309 W 95TH ST  Chicago IL 60643 1309 W 9500 S 41.7212 -87.6558,21,21st Ward,49,Elementary 8:30 AM-3:30 PM  & HS 8:15 AM - 3:30 PM,,2420,Network 16,150162990AEAE02,,Non,Day,Network 11,WASHINGTON HEIGHTS,South Side,District 9b,Citywide,Therese Boyle,Therese Boyle,,,1309,W,9500,S,41.72128,-87.6558,1309,W,9500,S,41.7212,-87.6558,S.CommunitityBasedOrganizationIndicator,12,false,2026-04-29 18:28:34.450659,2026-05-01 04:17:28.514281
576,580,400034,299,15-016-2990-25,Chicago Public Schools District 299,CICS - NORTHTOWN HS,CICS - Northtown,CICS_-_NORTHTOWN_HS,Charter,Charter,Open,2004-09-01,,Small,High,"9,10,11,12","9,10,11,12",,Marivenus Garcia,15016299025082C,66241,Chicago International Charter School (CICS)- Northtown Campus,CICS - Northtown  Campus,https://cicsnorthtown.org/,,,3900,W,6000,N,-87.7266,41.99019,,,3900,W,Peterson,AVE,,Chicago,IL,60659,N,N,,170993006500,C200035518,Marivenus Garcia,mgarcia@meridiancharterschools.org,773-478-3655,773-478-6029,,,3900 W Peterson AVE  Chicago IL 60659 3900 W 6000 N 41.99019 -87.7266,3900 W PETERSON AVE  Chicago IL 60659 3900 W 6000 N 41.9902 -87.7265,39,39th Ward,31,8:00am,,7740,Network 14,150162990AEAE06,,Non,Day,Network 1,NORTH PARK,Northwest Side,District 1a,Attendance-Area,Ed Bannon,Ed Bannon,,,3900,W,6000,N,41.99019,-87.7266,3900,W,6000,N,41.9902,-87.7265,S.CommunitityBasedOrganizationIndicator,12,false,2026-04-29 18:28:34.450659,2026-05-01 04:17:28.514281
581,587,400039,299,15-016-2990-25,Chicago Public Schools District 299,ERIE,Erie Elementary Charter School,ERIE,Charter,Charter,Open,2004-09-01,,General Curriculum,Elementary,"K,1,2,3,4,5,6,7,8","K,1,2,3,4,5,6,7,8",,Karem Gomez,15016299025219C,66331,,Erie Elem Charter School,http://www.eriecharterschool.org,,,2700,W,1405,N,-87.6944,41.9068,,,1405,N,Washtenaw,AVE,,Chicago,IL,60622,N,N,,170993005797,C200007296,Karem Gomez,kgomez@eriecharterschool.org,773-486-7161,773-486-7234,,,1405 N Washtenaw AVE  Chicago IL 60622 2700 W 1405 N 41.9068 -87.6944,1405 N WASHTENAW AVE  Chicago IL 60622 2700 W 1405 N 41.9068 -87.6944,26,26th Ward,35,8:00 am-3:15 pm,,5780,Network 5,150162990AXAX00,,,Day,Network 5,WEST TOWN,Greater Milwaukee Avenue,District 3b,Citywide,Carlos A Rivas Jr,Carlos A Rivas Jr,,,2700,W,1405,N,41.9068,-87.6944,2700,W,1405,N,41.9068,-87.6944,S.CommunitityBasedOrganizationIndicator,08,false,2026-04-29 18:28:34.450659,2026-05-01 04:17:28.514281
586,212,400044,299,15-016-2990-25,Chicago Public Schools District 299,KIPP - ASCEND,KIPP Ascend Charter School,KIPP_-_ASCEND,Charter,Charter,Open,2004-09-01,,Small,Elementary,"K,1,2,3,4,5,6,7,8","K,1,2,3,4,5,6,7,8",,Steven Greer,15016299025282C,66261,KIPP Ascend Charter School,KIPP Chicago Charters - Ascend Academy,https://www.kippchicago.org,,,3832,W,1616,S,-87.7212,41.85837,,,1616,S,Avers,AVE,,Chicago,IL,60623,N,N,,170993006509,C100009977,Steven Greer,sgreer@kippchicago.org,773-521-4399,773-521-4766,,,1616 S Avers AVE  Chicago IL 60623 3832 W 1616 S 41.85837 -87.7212,1616 S AVERS AVE  Chicago IL 60623 3832 W 1616 S 41.8584 -87.7213,24,24th Ward,37,7:45 AM-3:30 PM,,7810,Network 7,150162990ABAB02,,,Day,Network 7,NORTH LAWNDALE,West Side,District 5b,Citywide,Michilla Blaise,Michilla Blaise,,,3832,W,1616,S,41.85837,-87.7212,3832,W,1616,S,41.8584,-87.7213,S.CommunitityBasedOrganizationIndicator,08,false,2026-04-29 18:28:34.450659,2026-05-01 04:17:28.514281
592,575,400050,299,15-016-2990-25,Chicago Public Schools District 299,NAMASTE,Namaste Charter School,NAMASTE,Charter,Charter,Open,2004-09-01,,General Curriculum,Elementary,"K,1,2,3,4,5,6,7,8","K,1,2,3,4,5,6,7,8",,Rocio Tovar,15016299025218C,66271,Namaste Charter School,Namaste Elem Charter School,http://www.namastecharterschool.org,,,1700,W,3737,S,-87.6678,41.82566,,,3737,S,Paulina,ST,,Chicago,IL,60609,N,N,,170993005102,C100006221,Rocio Tovar,rtovar@namastecharterschool.org,773-715-9558,773-376-6495,,,3737 S Paulina ST  Chicago IL 60609 1700 W 3737 S 41.82566 -87.6678,3737 S PAULINA ST  Chicago IL 60609 1700 W 3737 S 41.8257 -87.6678,12,12th Ward,39,"Mon.-Thurs. 8:00 AM-3:15 PM, Fri. 8:00 AM-1:30 PM",,7920,Network 8,150162990ATAT00,,,Day,Network 8,MCKINLEY PARK,Greater Stockyards,District 8b,Citywide,Cydney Sylvan Wallace,Cydney Sylvan Wallace,,,1700,W,3737,S,41.82566,-87.6678,1700,W,3737,S,41.8257,-87.6678,S.CommunitityBasedOrganizationIndicator,08,false,2026-04-29 18:28:34.450659,2026-05-01 04:17:28.514281
594,827,400052,299,15-016-2990-25,Chicago Public Schools District 299,NOBLE - COMER,Noble - Gary Comer College Prep,NOBLE_-_COMER,Charter,Charter,Open,2008-07-01,,General Curriculum,High,"6,7,8,9,10,11,12","6,7,8,9,10,11,12",,Nora Lawrence,15016299025032C,66146,Noble Street Charter - Gary Comer College Prep,Noble St Chtr-Comer College Prep,https://nobleschools.org/comer,,,800,E,7131,S,-87.6046,41.76523,,,7131,S,South Chicago,AVE,,Chicago,IL,60619,N,N,,170993006523,C100010894,Nora Lawrence,nlawrence@garycomercollegeprep.org,773-729-3969,773-729-3960,,,7131 S South Chicago AVE  Chicago IL 60619 800 E 7131 S 41.76523 -87.6046,7131 S SOUTH CHICAGO AVE  Chicago IL 60619 800 E 7131 S 41.7653 -87.6046,5,5th Ward,46,Mon-Thurs 7:45 AM - 3:25 PM | Fri 7:45 AM - 12:45,,1935,Network 17,150162990AFAF05,,Non,Day,Network 12,GREATER GRAND CROSSING,Greater Stony Island,District 10a,Attendance-Area,Che Smith,Che Smith,,,800,E,7131,S,41.76523,-87.6046,800,E,7131,S,41.7653,-87.6046,S.CommunitityBasedOrganizationIndicator,12,false,2026-04-29 18:28:34.450659,2026-05-01 04:17:28.514281
598,816,400056,299,15-016-2990-25,Chicago Public Schools District 299,NOBLE - ROWE CLARK HS,Noble - Rowe-Clark Math and Science Academy,NOBLE_-_ROWE_CLARK_HS,Charter,Charter,Open,2004-09-01,,Small,High,"9,10,11,12","9,10,11,12",,Miracle Moss,15016299025030C,66144,,Noble St Chtr-Rowe-Clark MS Acad,https://nobleschools.org/rowe-clark,,,3645,W,800,N,-87.7181,41.89542,,,3645,W,Chicago,AVE,,Chicago,IL,60651,N,N,,170993006447,C200002460,Miracle Moss,mmoss@roweandclark.org,773-242-2212-5008,773-826-6936,,,3645 W Chicago AVE  Chicago IL 60651 3645 W 800 N 41.89542 -87.7181,3645 W CHICAGO AVE  Chicago IL 60651 3645 W 800 N 41.8954 -87.718,27,27th Ward,36,"M - R 8:00 a.m. - 3:00 p.m., F 8:00 a.m. - 1:40pm.",,1933,Network 15,150162990AFAF03,,Non,Day,Network 5,HUMBOLDT PARK,West Side,District 5a,Citywide,Jitu Brown,Jitu Brown,,,3645,W,800,N,41.89542,-87.7181,3645,W,800,N,41.8954,-87.718,S.CommunitityBasedOrganizationIndicator,12,false,2026-04-29 18:28:34.450659,2026-05-01 04:17:28.514281
599,229,400057,299,15-016-2990-25,Chicago Public Schools District 299,NOBLE - UIC HS,Noble - UIC College Prep,NOBLE_-_UIC_HS,Charter,Charter,Open,2008-07-01,,General Curriculum,High,"9,10,11,12","9,10,11,12",,Macy Bennett,15016299025033C,66147,Noble Street Charter - UIC College Prep,Noble St Chtr-UIC College Prep,https://nobleschools.org/uic,,,2000,W,1231,S,-87.6762,41.86575,,,1231,S,Damen,AVE,,Chicago,IL,60608,N,N,,170993006515,C200045793,Macy Bennett,mbennett@uiccollegeprep.org,312-768-4858,773-496-7149,,,1231 S Damen AVE  Chicago IL 60608 2000 W 1231 S 41.86575 -87.6762,1231 S DAMEN AVE  Chicago IL 60608 2000 W 1231 S 41.8658 -87.6761,28,28th Ward,38,8:00 AM-3:15 PM,,1936,Network 15,150162990AFAF06,,Non,Day,Network 6,NEAR WEST SIDE,Near West Side,District 7a,Attendance-Area,Emma Lozano,Emma Lozano,,,2000,W,1231,S,41.86575,-87.6762,2000,W,1231,S,41.8658,-87.6761,S.CommunitityBasedOrganizationIndicator,12,false,2026-04-29 18:28:34.450659,2026-05-01 04:17:28.514281
600,207,400058,299,15-016-2990-25,Chicago Public Schools District 299,NLCP - CHRISTIANA HS,North Lawndale College Prep - Christiana,NLCP_-_CHRISTIANA_HS,Charter,Charter,Open,2004-09-01,,Small,High,"9,10,11,12","9,10,11,12",,Kyera Bradley,15016299025084C,66091,,North Lawndale Prep Chtr - Christiana,https://www.nlcphs.org,,,3300,W,1616,S,-87.7091,41.85855,,,1615,S,Christiana,AVE,,Chicago,IL,60623,N,N,,170993006489,C200006814,Kyera Bradley,kbradley@nlcphs.org,773-542-1490,773-542-1492,,,1615 S Christiana AVE  Chicago IL 60623 3300 W 1616 S 41.85855 -87.7091,1615 S Christiana AVE  Chicago IL 60623 3300 W 1616 S 41.85855 -87.7091,24,24th Ward,37,8:25 a.m. - 3:45 p.m.,,1105,Network 15,150162990AHAH02,,Non,Day,Network 5,NORTH LAWNDALE,West Side,District 5b,Citywide,Michilla Blaise,Michilla Blaise,,,3300,W,1616,S,41.85855,-87.7091,3300,W,1616,S,41.85855,-87.7091,S.CommunitityBasedOrganizationIndicator,12,false,2026-04-29 18:28:34.450659,2026-05-01 04:17:28.514281
602,577,400060,299,15-016-2990-25,Chicago Public Schools District 299,PASSAGES,Passages Charter School,PASSAGES,Charter,Charter,Open,2004-09-01,,Small,Elementary,"K,1,2,3,4,5,6,7,8","K,1,2,3,4,5,6,7,8",,Mr. Michael Stewart,15016299025214C,66191,,Passages Charter School,https://mytrellus.org/passages-charter-school,,,1643,W,5600,N,-87.6712,41.98343,,,1643,W,Bryn Mawr,AVE,,Chicago,IL,60660,N,N,,170993005682,C200028113,Mr. Michael Stewart,mstewart60@cps.edu,773-433-3530,773-769-3229,,,1643 W Bryn Mawr AVE  Chicago IL 60660 1643 W 5600 N 41.98343 -87.6712,1643 W BRYN MAWR AVE  Chicago IL 60660 1643 W 5600 N 41.9834 -87.6712,40,40th Ward,32,7:45 AM-3:30 PM,,6850,Network 2,150162990AVAV00,,,Day,Network 2,EDGEWATER,North Lakefront,District 2b,Citywide,Debby Pope,Debby Pope,,,1643,W,5600,N,41.98343,-87.6712,1643,W,5600,N,41.9834,-87.6712,S.CommunitityBasedOrganizationIndicator,08,false,2026-04-29 18:28:34.450659,2026-05-01 04:17:28.514281
603,1165,400061,299,15-016-2990-25,Chicago Public Schools District 299,PERSPECTIVES - LEADERSHIP HS,Perspectives - Leadership Academy,PERSPECTIVES_-_LEADERSHIP_HS,Charter,Charter,Open,2004-09-01,,Small,High,"6,7,8,9,10,11,12","6,7,8,9,10,11,12",,Eron Powell,15016299025051C,66052,,Perspectives Chtr - Leadership Acad,http://www.pcsedu.org,,,30,E,8522,S,-87.6256,41.73923,,,8522,S,LAFAYETTE,AVE,,Chicago,IL,60620-1308,N,N,,170993006437,C100007507,Eron Powell,epowell@pcsedu.org,773-358-6100,773-358-6199,,,8522 S LAFAYETTE AVE  Chicago IL 60620-1308 30 E 8522 S 41.73923 -87.6256,8522 S LAFAYETTE AVE  Chicago IL 60620-1308 30 E 8522 S 41.7392330025461 -87.6256838706095,21,21st Ward,45,8:00 AM-3:20 PM,,1961,Network 16,150162990AJAJ02,,Non,Day,Network 11,CHATHAM,South Side,District 10b,Citywide,,Vacant,,,30,E,8522,S,41.73923,-87.6256,30,E,8522,S,41.7392330025461,-87.6256838706095,S.CommunitityBasedOrganizationIndicator,12,false,2026-04-29 18:28:34.450659,2026-05-01 04:17:28.514281
604,1165,400062,299,15-016-2990-25,Chicago Public Schools District 299,PERSPECTIVES - TECH HS,Perspectives - High School of Technology,PERSPECTIVES_-_TECH_HS,Charter,Charter,Open,2004-09-01,,Small,High,"9,10,11,12","9,10,11,12",,Eron Powell,15016299025052C,66053,,Perspectives Chtr - High School of Technology,https://www.pcsedu.org,,,30,E,8522,S,-87.6256,41.73923,,,8522,S,LAFAYETTE,AVE,,Chicago,IL,60620-1308,N,N,,170993006441,C100007507,Eron Powell,epowell@pcsedu.org,773-358-6120,773-358-6129,,,8522 S LAFAYETTE AVE  Chicago IL 60620-1308 30 E 8522 S 41.73923 -87.6256,8522 S LAFAYETTE AVE  Chicago IL 60620-1308 30 E 8522 S 41.7392330025461 -87.6256838706095,21,21st Ward,45,8:00 AM-3:20 PM,,1962,Network 16,150162990AJAJ04,,Non,Day,Network 11,CHATHAM,South Side,District 10b,Citywide,,Vacant,,,30,E,8522,S,41.73923,-87.6256,30,E,8522,S,41.7392330025461,-87.6256838706095,S.CommunitityBasedOrganizationIndicator,12,false,2026-04-29 18:28:34.450659,2026-05-01 04:17:28.514281
606,624,400066,299,15-016-2990-25,Chicago Public Schools District 299,PERSPECTIVES - MATH & SCI HS,Perspectives - Math and Science Academy,PERSPECTIVES_-_MATH_&_SCI_HS,Charter,Charter,Open,2008-07-01,,General Curriculum,High,"6,7,8,9,10,11,12","6,7,8,9,10,11,12",,TyNeisha Banks,15016299025053C,66056,Perspectives Charter - IIT Math & Science Academy,Perspectives Chtr -  IIT Campus,https://www.pcsedu.org,,,45,E,3663,S,-87.6249,41.8278,,,3663,S,Wabash,AVE,,Chicago,IL,60653,N,N,,170993006514,C200003858,TyNeisha Banks,tbanks@pcsedu.org,773-358-6800,773-358-6055,,,3663 S Wabash AVE  Chicago IL 60653 45 E 3663 S 41.8278 -87.6249,3663 S WABASH AVE  Chicago IL 60653 45 E 3663 S 41.8278 -87.6248,3,3rd Ward,39,8:00 AM-3:20 PM,,1964,Network 17,150162990AJAJ05,,Non,Day,Network 9,DOUGLAS,Bronzeville / South Lakefront,District 6b,Citywide,Jessica Biggs,Jessica Biggs,,,45,E,3663,S,41.8278,-87.6249,45,E,3663,S,41.8278,-87.6248,S.CommunitityBasedOrganizationIndicator,12,false,2026-04-29 18:28:34.450659,2026-05-01 04:17:28.514281
608,826,400068,299,15-016-2990-25,Chicago Public Schools District 299,PLATO,Plato Learning Academy,PLATO,Contract,Contract,Closed,2008-07-01,2025-06-30,General Curriculum,Elementary,"K,1,2,3,4,5,6,7,8","K,1,2,3,4,5,6,7,8",,Ms. Yolanda Banks,150162990252951,63021,Plato Learning Academy,Plato Learning Acad  Elem School,http://www.platolearningacademy.org,,,5545,W,600,S,-87.7633,41.87282,,,5545,W,Harrison,ST,,Chicago,IL,60644,N,N,,170993005980,C100009951,Ms. Yolanda Banks,YBanks@aqs.org,773-413-3090,773-673-5105,,,5545 W Harrison ST  Chicago IL 60644 5545 W 600 S 41.87282 -87.7633,5545 W HARRISON ST  Chicago IL 60644 5545 W 600 S 41.8728 -87.7633,29,29th Ward,36,8:00 am-3:30 pm,,2045,Network 3,,,,Day,Network 3,AUSTIN,West Side,District 5a,Citywide,Jitu Brown,Jitu Brown,,,5545,W,600,S,41.87282,-87.7633,5545,W,600,S,41.8728,-87.7633,S.CommunitityBasedOrganizationIndicator,08,false,2026-04-29 18:28:34.450659,2026-05-01 04:17:28.514281
611,321,400071,299,15-016-2990-25,Chicago Public Schools District 299,PROVIDENCE ENGLEWOOD,Providence Englewood Charter School,PROVIDENCE_ENGLEWOOD,Charter,Charter,Open,2006-08-21,,General Curriculum,Elementary,"K,1,2,3,4,5,6,7,8","K,1,2,3,4,5,6,7,8",,Shauna Bellen,15016299025224C,66471,,Providence-Englewood Elem Charter,https://providenceenglewood.org,,,1600,W,6515,S,-87.6641,41.77535,,,6515,S,Ashland,AVE,,Chicago,IL,60636,N,N,,170993005885,C200005574,Shauna Bellen,bellens@pecs.k12.il.us,773-434-0202,773-434-0196,,,6515 S Ashland AVE  Chicago IL 60636 1600 W 6515 S 41.77535 -87.6641,6515 S ASHLAND AVE  Chicago IL 60636 1600 W 6515 S 41.7754 -87.664,16,16th Ward,43,7:30 am-3:10 pm,,6700,Network 11,150162990BCBC00,,,Day,Network 11,WEST ENGLEWOOD,South Side,District 9a,Citywide,Dr. Angel L. Velez,Dr. Angel L. Velez,,,1600,W,6515,S,41.77535,-87.6641,1600,W,6515,S,41.7754,-87.664,S.CommunitityBasedOrganizationIndicator,08,false,2026-04-29 18:28:34.450659,2026-05-01 04:17:28.514281
615,547,400075,299,15-016-2990-25,Chicago Public Schools District 299,U OF C - DONOGHUE,University of Chicago - Donoghue,U_OF_C_-_DONOGHUE,Charter,Charter,Open,2004-09-01,,Small,Elementary,"K,1,2,3,4,5","K,1,2,3,4,5",,Shamilya Woods,15016299025281C,66321,University of Chicago Charter School - Donoghue Campus,Univ of Chicago Chtr-Donoghue,https://www.uchicagocharter.org,,,707,E,3700,S,-87.6085,41.82779,,,707,E,37th,ST,,Chicago,IL,60653,N,N,,170993006495,C200022002,Shamilya Woods,swoods@uchicagocharter.org,773-285-5301,773-285-2088,,,707 E 37th ST  Chicago IL 60653 707 E 3700 S 41.82779 -87.6085,707 E 37TH ST  Chicago IL 60653 707 E 3700 S 41.8278 -87.6085,4,4th Ward,39,8:15AM-3:30 PM,,2600,Network 9,150162990AGAG02,,,Day,Network 9,OAKLAND,Bronzeville / South Lakefront,District 10a,Attendance-Area,Che Smith,Che Smith,,,707,E,3700,S,41.82779,-87.6085,707,E,3700,S,41.8278,-87.6085,S.CommunitityBasedOrganizationIndicator,05,false,2026-04-29 18:28:34.450659,2026-05-01 04:17:28.514281
622,748,400082,299,15-016-2990-25,Chicago Public Schools District 299,ACERO - FUENTES,Acero Charter Schools - Carlos Fuentes,ACERO_-_FUENTES,Charter,Charter,Open,2004-09-01,,Small,Elementary,"K,1,2,3,4,5,6,7,8","K,1,2,3,4,5,6,7,8",,Ms. Anna Fink,15016299025261C,66393,UNO Charter School - Carlos Fuentes Campus,Acero Chtr Sch Network - Carlos Fuentes Campus,http://cf.aceroschools.org,,,2845,W,3100,N,-87.6996,41.93753,,,2845,W,Barry,AVE,,Chicago,IL,60618,N,N,,170993006481,C200008424,Ms. Anna Fink,afink02@aceroschools.org,773-279-9826,773-279-9852,,,2845 W Barry AVE  Chicago IL 60618 2845 W 3100 N 41.93753 -87.6996,2845 W BARRY AVE  Chicago IL 60618 2845 W 3100 N 41.9375 -87.6996,35,35th Ward,31,8:00 am-3:00 pm,,3342,Network 4,150162990AIAI04,,,Day,Network 4,AVONDALE,Northwest Side,District 3a,Attendance-Area,Norma Rios-Sierra,Norma Rios-Sierra,,,2845,W,3100,N,41.93753,-87.6996,2845,W,3100,N,41.9375,-87.6996,S.CommunitityBasedOrganizationIndicator,08,false,2026-04-29 18:28:34.450659,2026-05-01 04:17:28.514281
623,742,400083,299,15-016-2990-25,Chicago Public Schools District 299,ACERO - PAZ,Acero Charter Schools - Octavio Paz Campus,ACERO_-_PAZ,Charter,Charter,Closed,2004-09-01,2025-06-30,Small,Elementary,"K,1,2,3,4,5,6,7,8","K,1,2,3,4,5,6,7,8",,Ms. Megan Byrnes,15016299025259C,66131,UNO Charter School - Octavio Paz Campus,Acero Chtr Sch Network - Octavio Paz Campus,http://op.aceroschools.org,,,2651,W,2230,S,-87.6925,41.85009,,,2651,W,23rd,ST,,Chicago,IL,60608,N,N,,170993006482,C200035947,Ms. Megan Byrnes,mbyrnes@aceroschools.org,773-890-1054,773-890-1069,,,2651 W 23rd ST  Chicago IL 60608 2651 W 2230 S 41.85009 -87.6925,2651 W 23RD ST  Chicago IL 60608 2651 W 2300 S 41.8501 -87.6926,25,25th Ward,37,8:00 am-3:00 pm,,5810,Network 7,150162990AIAI01,,,Day,Network 7,SOUTH LAWNDALE,Pilsen / Little Village,District 7a,Citywide,Emma Lozano,Emma Lozano,,,2651,W,2230,S,41.85009,-87.6925,2651,W,2300,S,41.8501,-87.6926,S.CommunitityBasedOrganizationIndicator,08,false,2026-04-29 18:28:34.450659,2026-05-01 04:17:28.514281
625,818,400085,299,15-016-2990-25,Chicago Public Schools District 299,ACERO - GARCIA HS,Acero Charter Schools - Major Hector P. Garcia MD,ACERO_-_GARCIA_HS,Charter,Charter,Open,2008-07-01,,General Curriculum,High,"9,10,11,12","9,10,11,12",,Ms. Eleanor McCree,15016299025085C,66394,UNO Charter School - Major Hector P. Garcia MD Campus,Acero Chtr Sch Network -  Major Hector P Garcia MD,http://hg.aceroschools.org,,,4248,W,4700,S,-87.7304,41.80781,,,4248,W,47th,ST,,Chicago,IL,60632,N,N,,170993006467,C100011765,Ms. Eleanor McCree,emccree@aceroschools.org,773-579-3480,773-376-5785,,,4248 W 47th ST  Chicago IL 60632 4248 W 4700 S 41.80781 -87.7304,4248 W 47TH ST FL 3 Chicago IL 60632 4248 W 4700 S 41.8078 -87.7304,14,14th Ward,44,8:00 AM-3:00 PM,,3343,Network 15,150162990AIAI09,,Non,Day,Network 8,ARCHER HEIGHTS,Greater Midway,District 7b,Citywide,Yesenia Lopez,Yesenia Lopez,,,4248,W,4700,S,41.80781,-87.7304,4248,W,4700,S,41.8078,-87.7304,S.CommunitityBasedOrganizationIndicator,12,false,2026-04-29 18:28:34.450659,2026-05-01 04:17:28.514281
626,548,400086,299,15-016-2990-25,Chicago Public Schools District 299,URBAN PREP - ENGLEWOOD HS,Urban Prep Academy for Young Men - Englewood,URBAN_PREP_-_ENGLEWOOD_HS,Charter,Charter,Open,2006-09-01,,General Curriculum,High,"9,10,11,12","9,10,11,12",,Ronald Bryant,15016299025010C,66441,Urban Prep Academy for Young Men Charter School-Englewood Campus,Urban Prep Chtr Acad Englewood HS,https://urbanprep.org,,,400,W,6201,S,-87.6351,41.78144,,,6201,S,Stewart,AVE,,Chicago,IL,60621,N,N,,170993005884,C100000295,Ronald Bryant,rbryant@urbanprep.org,773-535-9724,773-535-0012,,,6201 S Stewart AVE  Chicago IL 60621 400 W 6201 S 41.78144 -87.6351,6201 S STEWART AVE  Chicago IL 60621 400 W 6201 S 41.7815 -87.635,20,20th Ward,45,8:30 AM-4:00 PM,,7030,Network 16,150162990BABA00,,Non,Day,Network 11,ENGLEWOOD,South Side,District 6b,Citywide,Jessica Biggs,Jessica Biggs,,,400,W,6201,S,41.78144,-87.6351,400,W,6201,S,41.7815,-87.635,S.CommunitityBasedOrganizationIndicator,12,false,2026-04-29 18:28:34.450659,2026-05-01 04:17:28.514281
628,819,400089,299,15-016-2990-25,Chicago Public Schools District 299,ACERO - MARQUEZ,Acero Charter Schools - Officer Donald J. Marquez,ACERO_-_MARQUEZ,Charter,Charter,Open,2004-09-01,,Small,Elementary,"K,1,2,3,4,5,6,7,8","K,1,2,3,4,5,6,7,8",,Dr. Ariel Correa,15016299025263C,66397,UNO Charter School- Officer Donald Marquez Campus,Acero Chtr Sch Network - Officer Donald J Marquez,http://dm.aceroschools.org,,,2916,W,4700,S,-87.6974,41.80825,,,2916,W,47th,ST,,Chicago,IL,60632,N,N,,170993006497,C200018307,Dr. Ariel Correa,acorrea@aceroschools.org,773-321-2200,773-321-2250,,,2916 W 47th ST  Chicago IL 60632 2916 W 4700 S 41.80825 -87.6974,2916 W 47TH ST  Chicago IL 60632 2916 W 4700 S 41.8083 -87.6974,12,12th Ward,39,8:00 am-3:00 pm,,3346,Network 8,150162990AIAI06,,,Day,Network 8,BRIGHTON PARK,Greater Stockyards,District 7b,Citywide,Yesenia Lopez,Yesenia Lopez,,,2916,W,4700,S,41.80825,-87.6974,2916,W,4700,S,41.8083,-87.6974,S.CommunitityBasedOrganizationIndicator,08,false,2026-04-29 18:28:34.450659,2026-05-01 04:17:28.514281
630,239,400091,299,15-016-2990-25,Chicago Public Schools District 299,CHICAGO TECH HS,Chicago Technology Academy High School,CHICAGO_TECH_HS,Contract,Contract,Open,2009-07-01,,General Curriculum,High,"9,10,11,12","9,10,11,12",,Ms. Zataya Shackelford,150162990250850,63091,Chicago Tech Academy High School,Chicago Technology Academy HS,https://chitech.org,,,1301,W,1400,S,-87.6591,41.86336,,,1301,W,14th,ST,,Chicago,IL,60608,N,N,,170993006076,C200040591,Ms. Zataya Shackelford,zshackelford@chicagotechacademy.org,773-534-7755,773-534-7757,,,1301 W 14th ST  Chicago IL 60608 1301 W 1400 S 41.86336 -87.6591,1301 W 14TH ST  Chicago IL 60608 1301 W 1400 S 41.8633 -87.6591,28,28th Ward,38,8:50 AM-3:48 PM,,8022,Network 15,,,Non,Day,Network 6,NEAR WEST SIDE,Near West Side,District 7a,Citywide,Emma Lozano,Emma Lozano,,,1301,W,1400,S,41.86336,-87.6591,1301,W,1400,S,41.8633,-87.6591,S.CommunitityBasedOrganizationIndicator,12,false,2026-04-29 18:28:34.450659,2026-05-01 04:17:28.514281
633,453,400094,299,15-016-2990-25,Chicago Public Schools District 299,EPIC HS,EPIC Academy Charter High School,EPIC_HS,Charter,Charter,Open,2009-07-01,,General Curriculum,High,"9,10,11,12","9,10,11,12",,Dr. Kyla Mathews,15016299025015C,63081,EPIC Academy,EPIC Academy High School,http://www.epicacademy.org,,,3032,E,8255,S,-87.5503,41.74488,,,8255,S,Houston,AVE,,Chicago,IL,60617,N,N,,170993006088,C200028467,Dr. Kyla Mathews,kmathews@epicacademy.org,773-535-7930,773-553-7934,,,8255 S Houston AVE  Chicago IL 60617 3032 E 8255 S 41.74488 -87.5503,8255 S HOUSTON AVE  Chicago IL 60617 3032 E 8255 S 41.7448 -87.5503,7,7th Ward,47,MTThF 8AM- 3PM; Wed 8AM-1PM,,8058,Network 17,150162990BMBM00,,Non,Day,Network 12,SOUTH CHICAGO,Greater Stony Island,District 10a,Citywide,Che Smith,Che Smith,,,3032,E,8255,S,41.74488,-87.5503,3032,E,8255,S,41.7448,-87.5503,S.CommunitityBasedOrganizationIndicator,12,false,2026-04-29 18:28:34.450659,2026-05-01 04:17:28.514281
642,1093,400104,299,15-016-2990-25,Chicago Public Schools District 299,INSTITUTO - HEALTH,Instituto Health Sciences Career Academy,INSTITUTO_-_HEALTH,Charter,Charter,Open,2010-07-01,,General Curriculum,High,"9,10,11,12","9,10,11,12",,Alberto Mendez,15016299025012C,63131,Instituto Health Sciences Career Academy,IHSCA Charter High School,https://www.ihsca.org/,,,2400,W,2520,S,-87.6855,41.84595,,,2520,S,Western,AVE,,Chicago,IL,60608,N,N,,170993006103,C100007094,Alberto Mendez,a.mendez@idpl.org,773-890-8020,773-376-8573,,,2520 S Western AVE  Chicago IL 60608 2400 W 2520 S 41.84595 -87.6855,2520 S WESTERN AVE  Chicago IL 60608 2400 W 2520 S 41.846 -87.6855,25,25th Ward,37,8:00 AM -3:00 PM,,8026,Network 16,150162990BOBO00,,Non,Day,Network 7,LOWER WEST SIDE,Pilsen / Little Village,District 7a,Citywide,Emma Lozano,Emma Lozano,,,2400,W,2520,S,41.84595,-87.6855,2400,W,2520,S,41.846,-87.6855,S.CommunitityBasedOrganizationIndicator,12,false,2026-04-29 18:28:34.450659,2026-05-01 04:17:28.514281
643,621,400105,299,15-016-2990-25,Chicago Public Schools District 299,URBAN PREP - BRONZEVILLE HS,Urban Prep Academy for Young Men - Bronzeville,URBAN_PREP_-_BRONZEVILLE_HS,Charter,Charter,Open,2010-07-01,,General Curriculum,High,"9,10,11,12","9,10,11,12",,Jessica Chandler,15016299025013C,66442,Urban Prep Academy for Young Men - South Shore,Urban Prep Chtr Acad Bronzeville HS,https://urbanprep.org,,,521,E,3500,S,-87.6137,41.83117,,,521,E,35th,ST,,Chicago,IL,60616,N,N,,170993006132,C200035569,Jessica Chandler,jchandler@urbanprep.org,773-624-3444,773-624-3405,,,521 E 35th ST  Chicago IL 60616 521 E 3500 S 41.83117 -87.6137,521 E 35TH ST  Chicago IL 60616 521 E 3500 S 41.8311 -87.6136,4,4th Ward,39,8:30 AM-4:30 PM,,8027,Network 17,150162990BKBK00,,Non,Day,Network 9,DOUGLAS,Bronzeville / South Lakefront,District 10a,Citywide,Che Smith,Che Smith,,,521,E,3500,S,41.83117,-87.6137,521,E,3500,S,41.8311,-87.6136,S.CommunitityBasedOrganizationIndicator,12,false,2026-04-29 18:28:34.450659,2026-05-01 04:17:28.514281
644,362,400106,299,15-016-2990-25,Chicago Public Schools District 299,NOBLE - JOHNSON HS,Noble - John and Eunice Johnson College Prep,NOBLE_-_JOHNSON_HS,Charter,Charter,Open,2010-07-01,,General Curriculum,High,"9,10,11,12","9,10,11,12",,Hamza Salameh,15016299025036C,66148,Noble Street Charter School - Johnson ES,Noble St Chtr-Johnson College Prep,https://nobleschools.org/johnson,,,400,W,6350,S,-87.635,41.7784,,,6350,S,Stewart,AVE,,Chicago,IL,60621,N,N,,170993006494,C200008807,Hamza Salameh,hsalameh@nobleenglewood.org,312-348-1888,312-278-0449,,,6350 S Stewart AVE  Chicago IL 60621 400 W 6350 S 41.7784 -87.635,6350 S STEWART AVE  Chicago IL 60621 400 W 6350 S 41.7784 -87.6351,20,20th Ward,45,8:00am - 2:56pm,,8028,Network 16,150162990AFAF09,,Non,Day,Network 11,ENGLEWOOD,South Side,District 6b,Citywide,Jessica Biggs,Jessica Biggs,,,400,W,6350,S,41.7784,-87.635,400,W,6350,S,41.7784,-87.6351,S.CommunitityBasedOrganizationIndicator,12,false,2026-04-29 18:28:34.450659,2026-05-01 04:17:28.514281
645,481,400107,299,15-016-2990-25,Chicago Public Schools District 299,LEARN - SOUTH CHICAGO,L.E.A.R.N. - South Chicago Campus,LEARN_-_SOUTH_CHICAGO,Charter,Charter,Open,2010-07-01,,General Curriculum,Elementary,"K,1,2,3,4,5,6,7,8","K,1,2,3,4,5,6,7,8",,Diamond Perkins,15016299025274C,66563,LEARN Charter School - South Chicago Campus,LEARN Chtr - South Chicago Campus,http://www.learncharter.org,,,3300,E,8914,S,-87.5444,41.73331,,,8914,S,Buffalo,AVE,,Chicago,IL,60617,N,N,,170993006451,C200001998,Diamond Perkins,dperkins@learncharter.org,773-722-8577,,,,8914 S Buffalo AVE  Chicago IL 60617 3300 E 8914 S 41.73331 -87.5444,8914 S BUFFALO AVE  Chicago IL 60617 3300 E 8914 S 41.7333 -87.5444,10,10th Ward,47,8:30 - 4 PM,,8029,Network 12,150162990ANAN03,,,Day,Network 12,SOUTH CHICAGO,Greater Stony Island,District 10b,Citywide,,Vacant,,,3300,E,8914,S,41.73331,-87.5444,3300,E,8914,S,41.7333,-87.5444,S.CommunitityBasedOrganizationIndicator,08,false,2026-04-29 18:28:34.450659,2026-05-01 04:17:28.514281
650,1079,400113,299,15-016-2990-25,Chicago Public Schools District 299,CICS - CHICAGOQUEST HS,CICS - ChicagoQuest North,CICS_-_CHICAGOQUEST_HS,Charter,Charter,Closed,2011-07-01,2021-06-30,General Curriculum,High,"9,10,11,12","9,10,11,12",,Ms. Zataya Shackelford,15016299025027C,66651,,CICS - Quest North Campus,https://chicagoquest.org,,,732,W,1443,N,-87.6456,41.90781,,,1443,N,Ogden,AVE,,Chicago,IL,60610,N,N,,170993006472,C200006192,Ms. Zataya Shackelford,zshackelford@civitasedpartners.org,773-565-2100,312-951-2906,,,1443 N Ogden AVE  Chicago IL 60610 732 W 1443 N 41.90781 -87.6456,1443 N OGDEN AVE  Chicago IL 60610 732 W 1443 N 41.9078 -87.6456,27,27th Ward,33,8:00 AM-3:30 PM,,8672,Network 4,150162990AEAE15,,Non,Day,,,,,,,,,,732,W,1443,N,41.90781,-87.6456,732,W,1443,N,41.9078,-87.6456,S.CommunitityBasedOrganizationIndicator,12,false,2026-04-29 18:28:34.450659,2026-05-01 04:17:28.514281
652,1094,400115,299,15-016-2990-25,Chicago Public Schools District 299,CATALYST - MARIA,Catalyst - Maria Charter School,CATALYST_-_MARIA,Charter,Charter,Open,2012-07-01,,General Curriculum,Elementary,"K,1,2,3,4,5,6,7,8,9,10,11,12","K,1,2,3,4,5,6,7,8,9,10,11,12",,Dr. Jacquelin Baker,15016299025232C,66433,Catalyst - Maria Charter School,Catalyst Charter - Maria ES,https://catalystschools.org/maria,,,2800,W,6727,S,-87.6931,41.77099,,,6727,S,California,AVE,,Chicago,IL,60629,N,N,,170993006243,C200003711,Dr. Jacquelin Baker,jbaker@catalystschools.org,773-993-1770,773-993-1771,,,6727 S California AVE  Chicago IL 60629 2800 W 6727 S 41.77099 -87.6931,6727 S CALIFORNIA AVE  Chicago IL 60629 2800 W 6727 S 41.771 -87.6931,16,16th Ward,43,8:00 AM - 3:00 PM,,9032,Network 10,150162990BRBR00,,Non,Day,Network 10,CHICAGO LAWN,Greater Midway,District 8a,Citywide,Angel Gutierrez,Angel Gutierrez,,,2800,W,6727,S,41.77099,-87.6931,2800,W,6727,S,41.771,-87.6931,S.CommunitityBasedOrganizationIndicator,08,false,2026-04-29 18:28:34.450659,2026-05-01 04:17:28.514281
653,1193,400116,299,15-016-2990-25,Chicago Public Schools District 299,MONTESSORI ENGLEWOOD,The Montessori School of Englewood Charter,MONTESSORI_ENGLEWOOD,Charter,Charter,Open,2012-07-01,,General Curriculum,Elementary,"K,1,2,3,4,5,6,7,8","K,1,2,3,4,5,6,7,8",,Rita Nolan,15016299025233C,66591,,Montessori of Englewood Chtr ES,https://www.tmsoe.org,,,1732,W,6936,S,-87.6676,41.7674,,,6936,S,HERMITAGE,AVE,,Chicago,IL,60636-3333,N,N,,170993006221,C100003378,Rita Nolan,rnolan@tmsoe.org,773-535-9255,773-535-9590,,,6936 S HERMITAGE AVE  Chicago IL 60636-3333 1732 W 6936 S 41.7674 -87.6676,6936 S HERMITAGE AVE  Chicago IL 60636-3333 1732 W 6936 S 41.7673983449814 -87.6676758923248,17,17th Ward,43,8:00 AM-3:15,,9033,Network 11,150162990BUBU00,,,Day,Network 11,WEST ENGLEWOOD,South Side,District 9a,Citywide,Dr. Angel L. Velez,Dr. Angel L. Velez,,,1732,W,6936,S,41.7674,-87.6676,1732,W,6936,S,41.7673983449814,-87.6676758923248,S.CommunitityBasedOrganizationIndicator,08,false,2026-04-29 18:28:34.450659,2026-05-01 04:17:28.514281
658,1099,400121,299,15-016-2990-25,Chicago Public Schools District 299,ACERO - DE LA CRUZ,Acero Charter Schools - Sor Juana Inés de la Cruz,ACERO_-_DE_LA_CRUZ,Charter,Charter,Closed,2012-07-01,2025-06-30,General Curriculum,Elementary,"K,1,2,3,4,5,6,7,8,9,10,11,12","K,1,2,3,4,5,6,7,8,9,10,11,12",,Ms. Alyssa Dons,15016299025049C,66134,UNO Charter School - Northside Elementary School Campus,Acero Chtr Sch Newtwork- Sor Juana Ines de la Cruz,http://jc.aceroschools.org,,,2148,W,7416,N,-87.6844413235995,42.0164644746477,,,7416,N,Ridge,BLVD,,Chicago,IL,60645-1919,N,N,,170993006508,C200007817,Ms. Alyssa Dons,adons@aceroschools.org,312-455-5440,312-455-5441,,,7416 N Ridge BLVD  Chicago IL 60645-1919 2148 W 7416 N 42.0164644746477 -87.6844413235995,7416 N RIDGE BLVD  Chicago IL 60645-1919 2148 W 7416 N 42.0164644746477 -87.6844413235995,49,49th Ward,32,8:00 AM-3:00 PM,,9038,Network 2,150162990AIAI13,,Non,Day,Network 2,WEST RIDGE,Northwest Side,District 2a,Citywide,Ebony DeBerry,Ebony DeBerry,,,2148,W,7416,N,42.0164644746477,-87.6844413235995,2148,W,7416,N,42.0164644746477,-87.6844413235995,S.CommunitityBasedOrganizationIndicator,12,false,2026-04-29 18:28:34.450659,2026-05-01 04:17:28.514281
661,1096,400124,299,15-016-2990-25,Chicago Public Schools District 299,YCCS - MCKINLEY,YCCS- McKinley Lakeside Leadership HS,YCCS_-_MCKINLEY,Charter,Options,Open,2012-07-01,,General Curriculum,High,"9,10,11,12","9,10,11,12",,Dr. Irma Plaxico,15016299025055C,66107,YCCS - Ada S McKinley - Lakeside HS,YCCS- McKinley-Lakeside Leadership Academy,https://yccs.us/campuses,,,50,E,2920,S,-87.6253,41.84132,,,2920,S,Wabash,AVE,,Chicago,IL,60616,N,N,,170993006479,C100005658,Dr. Irma Plaxico,iplaxico@lakeside-yccs.org,312-949-5010,312-949-5015,,,2920 S Wabash AVE  Chicago IL 60616 50 E 2920 S 41.84132 -87.6253,2920 S WABASH AVE  Chicago IL 60616 45 E 2920 S 41.8413 -87.6253,3,3rd Ward,39,8:15 AM - 4:30 PM,,9041,Network 17,150162990ALAL02,,,Day,Network 9,DOUGLAS,Bronzeville / South Lakefront,District 6b,Citywide,Jessica Biggs,Jessica Biggs,,,50,E,2920,S,41.84132,-87.6253,45,E,2920,S,41.8413,-87.6253,S.CommunitityBasedOrganizationIndicator,12,false,2026-04-29 18:28:34.450659,2026-05-01 04:17:28.514281
672,1097,400135,299,15-016-2990-25,Chicago Public Schools District 299,YCCS - LATINO YOUTH,YCCS-Latino Youth Alternative HS,YCCS_-_LATINO_YOUTH,Charter,Options,Open,2012-07-01,,General Curriculum,High,"9,10,11,12","9,10,11,12",,Mr. James J Hurlburt,15016299025065C,66619,YCCS - Latino Youth Alternative HS,YCCS-Latino Youth Alternative HS,http://www.lyhs.org,,,2800,W,2001,S,-87.6955,41.85459,,,2001,S,California,AVE,,Chicago,IL,60608,N,N,,170993006449,C100008564,Mr. James J Hurlburt,jhurlburt@pilsenmh.org,773-648-2130,773-648-2098,,,2001 S California AVE  Chicago IL 60608 2800 W 2001 S 41.85459 -87.6955,2001 S CALIFORNIA AVE  Chicago IL 60608 2800 W 2001 S 41.8547 -87.6955,25,25th Ward,37,8:30 AM - 3:15 PM,,9052,Network 16,150162990ALAL13,,,Day,Network 7,SOUTH LAWNDALE,Pilsen / Little Village,District 7a,Citywide,Emma Lozano,Emma Lozano,,,2800,W,2001,S,41.85459,-87.6955,2800,W,2001,S,41.8547,-87.6955,S.CommunitityBasedOrganizationIndicator,12,false,2026-04-29 18:28:34.450659,2026-05-01 04:17:28.514281
673,566,400136,299,15-016-2990-25,Chicago Public Schools District 299,YCCS - OLIVE HARVEY,YCCS-Olive Harvey Middle College HS,YCCS_-_OLIVE_HARVEY,Charter,Options,Open,2012-07-01,,General Curriculum,High,"9,10,11,12","9,10,11,12",,Mr. Michellese Harvey,15016299025066C,66621,YCCS - Olive Harvey Middle College HS,YCCS-Olive Harvey Mid College HS,https://yccs.us/campuses,,,1200,E,10001,S,-87.5924,41.71286,,,10001,S,Woodlawn,AVE,,Chicago,IL,60628,N,N,,170993006478,C200010978,Mr. Michellese Harvey,mharvey20@cps.edu,773-291-6517,773-291-6199,,,10001 S Woodlawn AVE  Chicago IL 60628 1200 E 10001 S 41.71286 -87.5924,10001 S WOODLAWN AVE  Chicago IL 60628 1200 E 10001 S 41.7129 -87.5924,8,8th Ward,48,8:00 AM - 4:00 PM,,9053,Network 17,150162990ALAL14,,,Day,Network 12,PULLMAN,Greater Calumet,District 10b,Citywide,,Vacant,,,1200,E,10001,S,41.71286,-87.5924,1200,E,10001,S,41.7129,-87.5924,S.CommunitityBasedOrganizationIndicator,12,false,2026-04-29 18:28:34.450659,2026-05-01 04:17:28.514281
682,1206,400146,299,15-016-2990-25,Chicago Public Schools District 299,KIPP - ACADEMY,KIPP Academy Chicago Campus,KIPP_-_ACADEMY,Charter,Charter,Open,2012-07-01,,General Curriculum,Elementary,"K,1,2,3,4,5,6,7,8","K,1,2,3,4,5,6,7,8",,Jarell Lee,15016299025101C,66031,,KIPP Academy Chicago Campus,https://www.kippchicago.org,,,4818,W,600,N,-87.7466,41.8914,,,4818,W,OHIO,ST,,Chicago,IL,60644-,N,N,,170993006477,C200008117,Jarell Lee,jlee@kippchicago.org,773-938-8553,773-287-4548,,,4818 W OHIO ST  Chicago IL 60644- 4818 W 600 N 41.8914 -87.7466,4818 W OHIO ST  Chicago IL 60644- 4818 W 600 N 41.8914829687289 -87.7465982635284,37,37th Ward,36,7:45 AM - 3:30 PM,,9605,Network 3,150162990ABAB01,,,Day,Network 3,AUSTIN,West Side,District 5a,Citywide,Jitu Brown,Jitu Brown,,,4818,W,600,N,41.8914,-87.7466,4818,W,600,N,41.8914829687289,-87.7465982635284,S.CommunitityBasedOrganizationIndicator,12,false,2026-04-29 18:28:34.450659,2026-05-01 04:17:28.514281
685,1109,400149,299,15-016-2990-25,Chicago Public Schools District 299,ACERO - SOTO HS,Acero Charter Schools - Victoria Soto,ACERO_-_SOTO_HS,Charter,Charter,Open,2013-07-01,,General Curriculum,High,"9,10,11,12","9,10,11,12",,"
Ms. Liz Obrzut",15016299025086C,66137,UNO Charter HS,Acero Chtr Sch Network Victoria Soto Campus,http://vs.aceroschools.org,,,3500,W,5025,S,-87.7109882554895,41.8017562101882,,,5025,S,ST LOUIS,AVE,,Chicago,IL,60632,N,N,,170993006483,C100011419,"
Ms. Liz Obrzut",eobrzut@aceroschools.org,312-455-5446,312-455-5447,,,5025 S ST LOUIS AVE  Chicago IL 60632 3500 W 5025 S 41.8017562101882 -87.7109882554895,5025 S ST LOUIS AVE  Chicago IL 60632 3500 W 5025 S 41.8018 -87.7111,14,14th Ward,44,8:00 AM - 3:00 PM,,9640,Network 15,150162990AIAI14,,Non,Day,Network 8,GAGE PARK,Greater Midway,District 7b,Citywide,Yesenia Lopez,Yesenia Lopez,,,3500,W,5025,S,41.8017562101882,-87.7109882554895,3500,W,5025,S,41.8018,-87.7111,S.CommunitityBasedOrganizationIndicator,12,false,2026-04-29 18:28:34.450659,2026-05-01 04:17:28.514281
687,1061,400151,299,15-016-2990-25,Chicago Public Schools District 299,LEARN - 7,L.E.A.R.N. Charter School - 7th Campus,LEARN_-_7,Charter,Charter,Open,2013-07-01,,General Curriculum,Elementary,"K,1,2,3,4,5","K,1,2,3,4,5",,Queala Robinson,15016299025276C,66566,,LEARN Chtr - 7th Campus,http://www.learncharter.org,,,3021,W,328,N,-87.7022,41.88754,,,3021,W,Carroll,AVE,,Chicago,IL,60612,N,N,,170993006469,C200011419,Queala Robinson,qrobinson@learncharter.org,773-584-4300,773-826-7918,,,3021 W Carroll AVE  Chicago IL 60612 3021 W 328 N 41.88754 -87.7022,3021 W CARROLL AVE  Chicago IL 60612 3021 W 328 N 41.8875 -87.7022,27,27th Ward,38,8:30 AM - 4:00 PM,,9608,Network 5,150162990ANAN05,,,Day,Network 5,EAST GARFIELD PARK,West Side,District 5b,Citywide,Michilla Blaise,Michilla Blaise,,,3021,W,328,N,41.88754,-87.7022,3021,W,328,N,41.8875,-87.7022,S.CommunitityBasedOrganizationIndicator,08,false,2026-04-29 18:28:34.450659,2026-05-01 04:17:28.514281
695,1103,400159,299,15-016-2990-25,Chicago Public Schools District 299,CHRISTOPHER HOUSE,Christopher House Charter School,CHRISTOPHER_HOUSE,Charter,Charter,Open,2013-07-01,,General Curriculum,Elementary,"K,1,2,3,4,5,6,7,8","K,1,2,3,4,5,6,7,8",,Stephanie Glover,15016299025235C,66661,Christopher House Charter School,Christopher House Chrt ES,https://christopherhouse.org,,,5235,W,2300,N,-87.7576,41.92224,,,5235,W,Belden,AVE,,Chicago,IL,60639,N,N,,170993006311,C200045701,Stephanie Glover,sglover-douglas@christopherhouse.org,773-922-7542,773-922-7559,,,5235 W Belden AVE  Chicago IL 60639 5235 W 2300 N 41.92224 -87.7576,5235 W BELDEN AVE  Chicago IL 60639 5235 W 2300 N 41.9222 -87.7575,36,36th Ward,29,8:00 AM - 3:00 PM,,9616,Network 3,150162990BWBW00,,,Day,Network 3,BELMONT CRAGIN,Far Northwest Side,District 3b,Citywide,Carlos A Rivas Jr,Carlos A Rivas Jr,,,5235,W,2300,N,41.92224,-87.7576,5235,W,2300,N,41.9222,-87.7575,S.CommunitityBasedOrganizationIndicator,08,false,2026-04-29 18:28:34.450659,2026-05-01 04:17:28.514281
697,1104,400161,299,15-016-2990-25,Chicago Public Schools District 299,CHICAGO COLLEGIATE,Chicago Collegiate Charter School,CHICAGO_COLLEGIATE,Charter,Charter,Open,2013-07-01,,General Curriculum,High,"6,7,8,9,10,11,12","7,8,9,10,11,12",,Ms. Tieshia Robinson,15016299025236C,66671,Chicago Collegiate Charter School,Chicago Collegiate Charter School,https://chicagocollegiate.org,,,200,E,11816,S,-87.6180046301541,41.6793239297476,,,11816,S,Indiana,,,Chicago,IL,60628-6227,N,N,,170993006285,C200027307,Ms. Tieshia Robinson,Tieshia.Robinson@chicagocollegiate.org,773-536-9098,773-264-5792,,,11816 S Indiana   Chicago IL 60628-6227 200 E 11816 S 41.6793239297476 -87.6180046301541,11816 S INDIANA AVE  Chicago IL 60628 200 E 11816 S 41.6793 -87.6179,9,9th Ward,48,7:45 AM-3:45 PM MTThF 7:45-1:00 PM Wednesdays,,9618,Network 17,150162990BVBV00,,Non,Day,Network 13,WEST PULLMAN,Greater Calumet,District 9b,Citywide,Therese Boyle,Therese Boyle,,,200,E,11816,S,41.6793239297476,-87.6180046301541,200,E,11816,S,41.6793,-87.6179,S.CommunitityBasedOrganizationIndicator,12,false,2026-04-29 18:28:34.450659,2026-05-01 04:17:28.514281
699,551,400163,299,15-016-2990-25,Chicago Public Schools District 299,KIPP - BLOOM,KIPP Chicago Charter School - KIPP Bloom,KIPP_-_BLOOM,Charter,Charter,Open,2013-07-01,,General Curriculum,Elementary,"K,1,2,3,4,5,6,7,8","K,1,2,3,4,5,6,7,8",,Claire Grossheim,15016299025103C,66931,KIPP-Bloom,KIPP Chicago Charters - Bloom Campus,https://www.kippchicago.org,,,632,W,5515,S,-87.6415,41.79355,,,5515,S,Lowe,AVE,,Chicago,IL,60621,N,N,,170993006510,C200002573,Claire Grossheim,cgrossheim@kippchicago.org,773-938-8565,773-783-6910,,,5515 S Lowe AVE  Chicago IL 60621 632 W 5515 S 41.79355 -87.6415,5515 S LOWE AVE  Chicago IL 60621 632 W 5515 S 41.7936 -87.6414,20,20th Ward,45,7:45 AM - 3:30 PM,,9627,Network 8,150162990ABAB04,,,Day,Network 8,ENGLEWOOD,South Side,District 9a,Citywide,Dr. Angel L. Velez,Dr. Angel L. Velez,,,632,W,5515,S,41.79355,-87.6415,632,W,5515,S,41.7936,-87.6414,S.CommunitityBasedOrganizationIndicator,08,false,2026-04-29 18:28:34.450659,2026-05-01 04:17:28.514281
704,808,400168,299,15-016-2990-25,Chicago Public Schools District 299,GREAT LAKES,Great Lakes Academy Charter School,GREAT_LAKES,Charter,Charter,Open,2014-07-01,,General Curriculum,Elementary,"K,1,2,3,4,5,6,7,8","K,1,2,3,4,5,6,7,8",,Joshua Miller,15016299025241C,66951,Great Lakes Academy Charter School,Great Lakes Academy Charter ES,http://www.glachicago.org/,,,2635,E,8401,S,-87.56,41.74264,,,8401,S,Saginaw,AVE,,Chicago,IL,60617,N,N,,170993006328,C200011418,Joshua Miller,jmiller@glachicago.org,773-530-3040,224-304-2218,,,8401 S Saginaw AVE  Chicago IL 60617 2635 E 8401 S 41.74264 -87.56,8401 S SAGINAW AVE  Chicago IL 60617 2635 E 8401 S 41.7427 -87.5599,7,7th Ward,47,8:00 am-3:20 pm (M-Th) and 8:00 am-1:50 pm (F),,9643,Network 12,150162990BZBZ00,,,Day,Network 12,SOUTH CHICAGO,Greater Stony Island,District 10b,Citywide,,Vacant,,,2635,E,8401,S,41.74264,-87.56,2635,E,8401,S,41.7427,-87.5599,S.CommunitityBasedOrganizationIndicator,08,false,2026-04-29 18:28:34.450659,2026-05-01 04:17:28.514281
706,1079,400170,299,15-016-2990-25,Chicago Public Schools District 299,NOBLE - ACADEMY HS,Noble - The Noble Academy,NOBLE_-_ACADEMY_HS,Charter,Charter,Open,2014-07-01,,General Curriculum,High,"9,10,11,12","9,10,11,12",,Tierionna Pinkston,15016299025043C,66578,,Noble St Chtr-The Noble Academy,https://nobleschools.org/nobleacademy,,,700,W,1443,N,-87.6456,41.90781,,,1443,N,OGDEN,AVE,,Chicago,IL,60610-1007,N,N,,170993006464,C200033612,Tierionna Pinkston,tpinkston@thenobleacademy.org,312-574-1527,708-575-4217,,,1443 N OGDEN AVE  Chicago IL 60610-1007 700 W 1443 N 41.90781 -87.6456,1443 N OGDEN AVE  Chicago IL 60610-1007 700 W 1443 N 41.9077809206329 -87.6455312006933,27,27th Ward,33,8:10 AM - 3:30 PM,,9645,Network 14,,,Non,Day,Network 4,NEAR NORTH SIDE,Greater Lincoln Park,District 6a,Citywide,Anusha Thotakura,Anusha Thotakura,,,700,W,1443,N,41.90781,-87.6456,700,W,1443,N,41.9077809206329,-87.6455312006933,S.CommunitityBasedOrganizationIndicator,12,false,2026-04-29 18:28:34.450659,2026-05-01 04:17:28.514281
708,1220,400172,299,15-016-2990-25,Chicago Public Schools District 299,ASPIRA - BUSINESS & FINANCE HS,ASPIRA Business and Finance,ASPIRA_-_BUSINESS_&_FINANCE_HS,Charter,Charter,Open,2015-07-01,,General Curriculum,High,"9,10,11,12","9,10,11,12",,Dr. James Edwards,15016299025079C,66255,ASPIRA Business and Finance,ASPIRA Charter Schools,https://abfhs.aspirail.org,,,3630,W,2989,N,-87.7182,41.93567,,,2989,N,MILWAUKEE,AVE,,Chicago,IL,60618-7347,N,N,,170993006453,C200041140,Dr. James Edwards,jedwards@aspirail.org,773-243-1820,773-243-1820,,,2989 N MILWAUKEE AVE  Chicago IL 60618-7347 3630 W 2989 N 41.93567 -87.7182,2989 N MILWAUKEE   Chicago IL 60618-7347 3900 W 2989 N 41.9357578970572 -87.7181393414221,35,35th Ward,29,7:30AM-4:30PM,,9647,Network 14,150162990APAP04,,Non,Day,Network 4,AVONDALE,Greater Milwaukee Avenue,District 3a,Citywide,Norma Rios-Sierra,Norma Rios-Sierra,,,3630,W,2989,N,41.93567,-87.7182,3900,W,2989,N,41.9357578970572,-87.7181393414221,S.CommunitityBasedOrganizationIndicator,12,false,2026-04-29 18:28:34.450659,2026-05-01 04:17:28.514281
